{"train_loss": [123.63516821061272, 101.01794094834796, 99.1727015479001, 97.90698239526392, 97.41799283302076, 97.26759253223474, 97.22183623511823, 97.18874863410686, 97.17267758995139, 97.14966321398998, 97.13671008543474, 97.13145951589392, 97.10706355158443, 97.10975627812684, 97.10256687373203, 97.08935129879491, 97.0900663196895, 97.08646054861643, 97.07636214683062, 97.06980855015041, 97.07145477763277, 97.0772173282449, 97.07002844276602, 97.06357189134559, 97.06055304344665, 97.06800712423122, 97.0718475889985, 97.05589810688403, 97.06181501502311, 97.06177586747414, 97.05453852323194, 97.0552545633306, 97.05285784239382, 97.05234876192942, 97.05553060530951, 97.04520034124762, 97.04691259346235, 97.04662226399853, 97.04784026077745], "val_loss": [106.66180969731474, 103.0550891654787, 101.38897854294186, 100.54356012872782, 100.28464921483264, 100.2170942276323, 100.16787834217806, 100.12695571929609, 100.11932806100569, 100.09904992297331, 100.08772950939893, 100.0782904486543, 100.08934261301891, 100.04238405957386, 100.04707323341067, 100.0740481152698, 100.06748596533622, 100.07758383386053, 100.05508071828957, 100.0544427101719, 100.01920057664131, 100.01782958803201, 100.02312112923977, 100.04449833037042, 100.03059569889763, 100.02414836984197, 100.02031070890402, 100.0409699341867, 100.00606978977576, 100.02027961006266, 100.0139207512848, 100.00878457092044, 100.03422275885428, 100.02439995868853, 100.04385982402711, 100.02889734333613, 100.04084609743788, 100.01966584640945, 100.00989982131918], "train_zinb": [120.40547114712543, 98.02065437298266, 96.2588967761388, 95.01122605397305, 94.49662286327988, 94.3209762892575, 94.26017140128033, 94.20303697057165, 94.1647202432218, 94.13596568059373, 94.09875841676295, 94.0846387865155, 94.04651608847973, 94.03650108047341, 94.02239495800644, 94.00751388118705, 94.00117853521927, 93.99621855859188, 93.984449276826, 93.97292455081786, 93.97647187599206, 93.97923826198358, 93.97830556783686, 93.9665377177467, 93.96231490774856, 93.96745265698574, 93.96772718479461, 93.95470643484263, 93.96221194684735, 93.95910063345423, 93.9495142393508, 93.9477433230264, 93.94984740465827, 93.94089499807208, 93.94421010704293, 93.93823676480206, 93.93464254559562, 93.93937414067524, 93.93911320580229], "val_zinb": [103.59286749897657, 100.2450502491249, 98.42451524357054, 97.69612391831693, 97.34263652610275, 97.31543925192237, 97.25754702122671, 97.11702080326533, 97.03526775440629, 97.07040397221306, 97.13467253732807, 97.03874414136982, 97.08886181773485, 96.93794462359989, 96.9771548676302, 97.00847090265681, 97.00169532091448, 96.98195155251938, 96.97559369774167, 97.00425342016295, 96.93642156042336, 96.96204968303992, 96.9585007992143, 96.98912262727843, 96.98502505863563, 96.96986421871941, 96.94478452929091, 96.98494254441877, 96.94206517101277, 96.96153726300967, 96.88521995896714, 96.98889951529792, 96.96653499452295, 96.9357602086734, 96.88230854477291, 96.96343359280388, 96.98835819818099, 96.9431767627243, 96.97855783326645], "train_kl": [3.2296970888821557, 2.997286570292547, 2.9138048315530543, 2.895756377964266, 2.9213699934413553, 2.946616193330949, 2.9616648230271596, 2.9857116857388313, 3.0079573737564593, 3.013697533562577, 3.037951698775569, 3.0468207141602126, 3.06054751233519, 3.073255270334915, 3.080171928781643, 3.081837474904827, 3.088887810998151, 3.0902420602112564, 3.091912849713669, 3.0968840168792275, 3.0949828675452697, 3.0979790522073425, 3.0917228163847907, 3.0970341516447517, 3.0982380783179515, 3.100554476559349, 3.1041203795054835, 3.101191637696478, 3.099603064766236, 3.102675263292082, 3.1050243059184273, 3.107511200054955, 3.1030104070496467, 3.1114537678490044, 3.1113205023413966, 3.106963549834492, 3.1122701208808508, 3.107248175713839, 3.1087270199649626], "val_kl": [3.0689422881383064, 2.8100389786320186, 2.964463299685858, 2.847436204120163, 2.942012666083263, 2.901654981057059, 2.9103312047301624, 3.0099348139637065, 3.0840601971407366, 3.028645958309123, 2.953056946750681, 3.0395462434335876, 3.0004809292765593, 3.1044395042283552, 3.069918264499755, 3.0655772409212623, 3.0657906823233754, 3.0956325257359207, 3.07948715642763, 3.0501892088585603, 3.0827790159034225, 3.0557799634958633, 3.064620107176436, 3.055375730928456, 3.045570763874809, 3.0542842102554038, 3.0755263331068536, 3.0560272416212944, 3.0640045505085847, 3.058742450535455, 3.128700721232432, 3.0198851688556116, 3.067687740741116, 3.0886398412306892, 3.1615514487893095, 3.0654636778743414, 3.0524878278571257, 3.0764888116111857, 3.0313420578798076], "lr": [0.001, 0.001, 0.001, 0.001, 0.001, 0.001, 0.001, 0.001, 0.001, 0.001, 0.001, 0.001, 0.001, 0.001, 0.001, 0.001, 0.001, 0.001, 0.001, 0.001, 0.001, 0.001, 0.001, 0.001, 0.001, 0.001, 0.001, 0.001, 0.001, 0.001, 0.001, 0.001, 0.001, 0.001, 0.001, 0.001, 0.001, 0.001, 0.001], "best_loss": 100.00606978977576}